1 	05:25 AM 	06:58 AM 	12:04 PM 	02:50 PM 	05:08 PM 	06:32 PM
2 	05:26 AM 	06:58 AM 	12:04 PM 	02:51 PM 	05:09 PM 	06:33 PM
3 	05:26 AM 	06:59 AM 	12:05 PM 	02:51 PM 	05:10 PM 	06:34 PM
4 	05:26 AM 	06:59 AM 	12:05 PM 	02:52 PM 	05:11 PM 	06:34 PM
5 	05:26 AM 	06:59 AM 	12:06 PM 	02:53 PM 	05:11 PM 	06:35 PM
6 	05:27 AM 	06:59 AM 	12:06 PM 	02:54 PM 	05:12 PM 	06:36 PM
7 	05:27 AM 	06:59 AM 	12:06 PM 	02:54 PM 	05:13 PM 	06:36 PM
8 	05:27 AM 	06:59 AM 	12:07 PM 	02:55 PM 	05:14 PM 	06:37 PM
9 	05:27 AM 	06:59 AM 	12:07 PM 	02:56 PM 	05:15 PM 	06:38 PM
10 	05:27 AM 	06:59 AM 	12:08 PM 	02:57 PM 	05:15 PM 	06:39 PM
11 	05:27 AM 	06:59 AM 	12:08 PM 	02:57 PM 	05:16 PM 	06:39 PM
12 	05:27 AM 	06:59 AM 	12:09 PM 	02:58 PM 	05:17 PM 	06:40 PM
13 	05:27 AM 	06:59 AM 	12:09 PM 	02:59 PM 	05:18 PM 	06:41 PM
14 	05:27 AM 	06:59 AM 	12:09 PM 	03:00 PM 	05:19 PM 	06:42 PM
15 	05:27 AM 	06:59 AM 	12:10 PM 	03:00 PM 	05:20 PM 	06:42 PM
16 	05:27 AM 	06:59 AM 	12:10 PM 	03:01 PM 	05:20 PM 	06:43 PM
17 	05:27 AM 	06:59 AM 	12:10 PM 	03:02 PM 	05:21 PM 	06:44 PM
18 	05:27 AM 	06:58 AM 	12:11 PM 	03:03 PM 	05:22 PM 	06:45 PM
19 	05:27 AM 	06:58 AM 	12:11 PM 	03:04 PM 	05:23 PM 	06:46 PM
20 	05:27 AM 	06:58 AM 	12:11 PM 	03:04 PM 	05:24 PM 	06:46 PM
21 	05:27 AM 	06:58 AM 	12:12 PM 	03:05 PM 	05:25 PM 	06:47 PM
22 	05:26 AM 	06:57 AM 	12:12 PM 	03:06 PM 	05:26 PM 	06:48 PM
23 	05:26 AM 	06:57 AM 	12:12 PM 	03:07 PM 	05:27 PM 	06:49 PM
24 	05:26 AM 	06:57 AM 	12:12 PM 	03:08 PM 	05:28 PM 	06:49 PM
25 	05:26 AM 	06:56 AM 	12:13 PM 	03:08 PM 	05:29 PM 	06:50 PM
26 	05:25 AM 	06:56 AM 	12:13 PM 	03:09 PM 	05:29 PM 	06:51 PM
27 	05:25 AM 	06:55 AM 	12:13 PM 	03:10 PM 	05:30 PM 	06:52 PM
28 	05:25 AM 	06:55 AM 	12:13 PM 	03:11 PM 	05:31 PM 	06:53 PM
29 	05:24 AM 	06:54 AM 	12:14 PM 	03:11 PM 	05:32 PM 	06:53 PM
30 	05:24 AM 	06:54 AM 	12:14 PM 	03:12 PM 	05:33 PM 	06:54 PM
31 	05:23 AM 	06:53 AM 	12:14 PM 	03:13 PM 	05:34 PM 	06:55 PM